{
  "example": "testbench_cubicSpring",
  "vp": {
    "position": [
      0.038895,
      0.348107,
      0.007
    ],
    "axes": [
      [
        1.0,
        0.0,
        0.0
      ],
      [
        0.0,
        1.0,
        0.0
      ],
      [
        0.0,
        0.0,
        1.0
      ]
    ]
  },
  "joint": {
    "k_diag": [
      1000000.0,
      1000000.0,
      1000000.0,
      0,
      0,
      0
    ],
    "c_diag": [
      0.5,
      0.5,
      0.5,
      0,
      0,
      0
    ],
    "alpha_diag": [
      100000000.0,
      100000000.0,
      100000000.0,
      0,
      0,
      0
    ],
    "beta_diag": [
      0.0,
      0.0,
      0.0,
      0.0,
      0.0,
      0.0
    ]
  },
  "excitation": {
    "position": [
      0.112567,
      0.258976,
      -0.009414
    ],
    "direction": [
      -0.0871559,
      0.9961947,
      0.0
    ],
    "F0": 200.0
  },
  "output": {
    "position": [
      -0.076519,
      0.142987,
      0.022
    ],
    "direction": [
      0.7050572,
      0.7091504,
      0.0
    ]
  },
  "substructures": {
    "A": {
      "rst": "FEM/A.rst",
      "full": "FEM/A.full",
      "interface_node_ids": [
        1338,
        1602,
        3784,
        3841,
        3905,
        3911,
        3999,
        4001,
        5251,
        5338,
        5343,
        5400,
        6491,
        6555,
        6601
      ]
    },
    "B": {
      "rst": "FEM/B.rst",
      "full": "FEM/B.full",
      "interface_node_ids": [
        3906,
        3937,
        3941,
        4357,
        5041,
        5075,
        5084,
        5088,
        5098,
        5758,
        5772,
        6249
      ]
    }
  }
}